Rk,Team,Conf,W-L,AdjEM,AdjO,AdjD,AdjT,Luck,AdjEM,OppO,OppD,AdjEM
1,Gonzaga,WCC,25-3,32.66,121.5,88.8,73.1,-0.041,3.28,104.9,101.6,-2.29
2,Arizona,P12,28-3,27.45,119,91.5,72.8,0.031,5.73,106.3,100.5,0.33
3,Kentucky,SEC,25-6,27.32,121.4,94.1,67.6,-0.031,8.51,107.4,98.8,-2.44
4,Baylor,B12,26-5,27.07,118.7,91.6,67.6,0.034,10.76,108,97.2,-1.25
5,Houston,Amer,26-5,25.44,116.9,91.5,64.5,-0.009,4.02,105.1,101,0.49
6,Duke,ACC,26-5,25.29,119.8,94.5,67.7,-0.03,5.6,107.3,101.7,-4.06
7,Auburn,SEC,27-4,25.19,114.6,89.4,70.5,-0.03,8.79,107.9,99.1,4.19
8,UCLA,P12,23-6,24.79,116,91.2,66.1,-0.028,7.51,107.4,99.9,4.67
9,Kansas,B12,25-6,24.46,119.4,95,69.4,0.036,12.07,108.3,96.3,4.66
10,Villanova,BE,23-7,24.35,119.5,95.1,63.3,0.025,10.32,109,98.7,8.79
11,Texas Tech,B12,23-8,24.2,110.9,86.7,66.7,-0.026,9.39,107.6,98.2,-7.64
12,Tennessee,SEC,23-7,23.98,111.3,87.4,68,0.036,11.31,109,97.7,4.87
13,Purdue,B10,25-6,22.81,122.5,99.7,66.3,0.034,8.52,109,100.5,-3.38
14,Iowa,B10,22-9,22.14,120.3,98.1,70,-0.072,6.91,108,101.1,-6.26
15,Texas,B12,21-10,20.9,112.4,91.5,63.5,-0.031,9.45,107.7,98.2,-7.46
16,Saint Mary's,WCC,25-6,19.92,109.8,89.9,64,0.039,6.17,107.3,101.1,3.94
17,LSU,SEC,21-10,19.91,108.2,88.3,68.8,-0.043,9.11,108.4,99.2,-0.75
18,Illinois,B10,22-8,19.91,114.7,94.8,67.6,0.043,10.32,109.6,99.3,1.79
19,Arkansas,SEC,24-7,19.46,111.5,92,70.9,0.019,7.37,107.3,99.9,-2.47
20,Connecticut,BE,22-8,18.83,114.3,95.5,65.6,-0.02,6.88,106.2,99.3,-3.08
21,San Francisco,WCC,24-9,18.26,111.3,93.1,69.1,-0.029,5.72,106.3,100.5,2.91
22,Alabama,SEC,19-12,17.84,117.1,99.2,71.8,-0.011,13.01,110.5,97.5,10.35
23,San Diego St.,MWC,21-7,17.68,104.5,86.9,66,0.02,5.83,106.5,100.6,3.16
24,Loyola Chicago,MVC,25-7,17.61,111.3,93.7,65,0.016,3.38,105.1,101.8,3.75
25,Murray St.,OVC,30-2,16.43,112,95.6,66.2,0.075,-3.44,101.8,105.3,4.69
26,Boise St.,MWC,24-7,16.31,109,92.7,64.9,0.003,5.59,105.9,100.3,1.33
27,Ohio St.,B10,19-10,16.28,117.2,100.9,65.3,0.001,9.72,109.1,99.4,2.76
28,Memphis,Amer,19-9,16.27,111.2,94.9,70.9,-0.039,6.34,106.6,100.3,5.35
29,Virginia Tech,ACC,19-12,16.17,113.2,97,63.1,-0.087,5.51,106.9,101.4,-0.38
30,Wisconsin,B10,24-6,16.01,111.3,95.3,66.9,0.132,10.13,109.4,99.3,3.18
31,Michigan,B10,17-13,15.99,114.9,98.9,66.5,-0.013,11.89,110.7,98.8,7.11
32,North Carolina,ACC,23-8,15.94,114.7,98.8,70.5,0.088,6.99,108.1,101.1,4.01
33,Colorado St.,MWC,24-4,15.84,115,99.2,66,0.142,4.77,105.7,101,-1.85
34,Wake Forest,ACC,23-8,15.84,112.8,97,70.3,0.002,3.25,106.8,103.5,-8.84
35,Seton Hall,BE,20-9,15.76,110.3,94.5,68.2,0.006,8.97,108.2,99.3,1.73
36,Providence,BE,24-4,15.63,113.2,97.6,65.3,0.172,7.04,107,99.9,-0.03
37,Oklahoma,B12,17-14,15.12,110.8,95.6,65.2,-0.041,11.26,107.9,96.7,-1.3
38,Oklahoma St.,B12,15-15,14.93,103.9,89,68,-0.074,11.63,109,97.4,0.62
39,Iowa St.,B12,20-11,14.89,105.6,90.7,66.4,0.024,9.66,108.2,98.5,-6.61
40,USC,P12,25-6,14.83,111.8,97,66.5,0.076,4.83,105,100.2,-3.89
41,Marquette,BE,19-11,14.7,110.5,95.8,71.1,0.004,9.33,108.2,98.9,4.63
42,TCU,B12,19-11,14.62,108.5,93.9,66.3,0.029,10.08,107.8,97.7,-4.42
43,Michigan St.,B10,20-11,14.53,111.5,97,68,0.047,10.48,109.6,99.1,4.42
44,Indiana,B10,18-12,14.14,107.4,93.2,67.4,-0.055,7.15,108.2,101,-6.04
45,Davidson,A10,25-5,14.01,117.5,103.5,64.8,0.018,1.07,103.1,102,-1.57
46,Dayton,A10,22-9,13.97,109.7,95.7,63.4,-0.022,1.31,103.6,102.3,-1.65
47,Notre Dame,ACC,22-9,13.86,111.9,98,65.9,0.027,5.92,106.9,101,3.09
48,North Texas,CUSA,23-5,13.84,107,93.2,59.8,0.025,0.48,104.8,104.3,4.81
49,Mississippi St.,SEC,17-14,13.62,110.5,96.9,65.9,-0.077,7.69,107.3,99.6,-1.15
50,BYU,WCC,22-10,13.59,110.6,97,68.2,0.024,6,106,100,5.97
51,Xavier,BE,18-12,13.55,111.3,97.8,68.3,-0.024,8.71,107.6,98.9,1.39
52,UAB,CUSA,24-7,13.48,112.1,98.6,69.1,-0.059,-1.86,102.4,104.2,-1.84
53,Utah St.,MWC,17-14,13.46,111.3,97.8,66.9,-0.118,5.6,106,100.4,3.58
54,Florida,SEC,19-12,13.41,111.9,98.5,65.1,-0.01,7.61,106.7,99.1,-2.05
55,Washington St.,P12,18-13,13.35,109,95.7,66.3,-0.108,4.07,105.9,101.8,-2.73
56,Wyoming,MWC,24-7,13.04,111.6,98.6,66.2,0.071,3.98,105.4,101.4,-0.7
57,SMU,Amer,22-7,12.83,110.7,97.8,68.4,0.07,3.28,104.9,101.6,-2.48
58,Texas A&M,SEC,20-11,12.83,109.2,96.4,67,-0.022,6.07,106.4,100.3,-5.39
59,Miami FL,ACC,22-9,12.8,115.1,102.3,68,0.075,6.54,107.3,100.7,1.01
60,Saint Louis,A10,21-10,12.53,111.5,99,68.1,-0.03,3.33,105.2,101.9,3.06
61,Kansas St.,B12,14-16,12.49,110.1,97.7,66.9,-0.084,11.67,108.2,96.5,-3.51
62,Fresno St.,MWC,18-12,12.48,106.2,93.7,61.1,-0.083,3.46,104.9,101.4,-3.11
63,VCU,A10,21-8,12.46,100.2,87.7,68.8,0.078,5.22,106.7,101.5,5.4
64,Missouri St.,MVC,23-10,12.18,114,101.8,67.2,-0.045,0.94,104.5,103.6,-2.26
65,St. John's,BE,16-14,11.73,109.9,98.2,74.1,-0.09,6.36,106.4,100,-7.65
66,Santa Clara,WCC,21-11,11.67,113.9,102.2,71.1,-0.012,2.58,103.6,101.1,-1.19
67,Vermont,AE,26-5,11.64,110.9,99.3,65.6,-0.019,-6.78,99.9,106.7,2.29
68,South Dakota St.,Sum,29-4,11.46,117.4,106,69.8,0.057,-3.98,103.9,107.9,4.3
69,Chattanooga,SC,27-7,11.36,110.6,99.2,65,0.024,0.43,105.7,105.3,2
70,Creighton,BE,20-10,11.33,105.5,94.2,67.2,0.11,8.07,107.9,99.8,0.04
71,West Virginia,B12,15-16,11.24,108.6,97.4,68.3,-0.018,11.81,108.7,96.9,0.06
72,Virginia,ACC,18-12,10.98,109.8,98.8,59.5,0.001,5.8,107.5,101.7,-3.68
73,Rutgers,B10,18-12,10.97,106.6,95.6,65.3,0.024,7.65,108.6,101,-10.12
74,Furman,SC,22-12,10.91,114.4,103.5,65.2,-0.072,0.17,105,104.8,1.2
75,Toledo,MAC,25-6,10.9,112.4,101.5,69.4,0.034,-3.49,102.8,106.3,2.54
76,Northwestern,B10,14-15,10.77,107.3,96.5,67.9,-0.115,8.12,108.7,100.5,-10.22
77,Colorado,P12,20-10,10.72,107.3,96.6,67.3,0.058,4.53,105.6,101.1,-7.25
78,Towson,CAA,25-8,10.58,110.5,100,64.8,-0.009,-2.59,102,104.6,-1.19
79,Vanderbilt,SEC,15-15,10.55,106.8,96.3,67.9,-0.055,8.78,107.5,98.8,-0.23
80,Oregon,P12,18-13,10.43,110.6,100.1,67.9,0.014,7.53,106.8,99.2,3.7
81,Clemson,ACC,17-15,10.36,110.3,100,66.6,-0.069,6.08,107.2,101.1,-0.08
82,Belmont,OVC,25-7,10.12,109.1,99,69.2,0.077,-1.83,102.3,104.1,6.01
83,Maryland,B10,15-16,9.97,110,100,66.8,-0.025,9.17,109.2,100.1,-0.9
84,Drake,MVC,24-10,9.71,108.8,99.1,66.5,0.012,1.76,105.1,103.3,-3.82
85,UNLV,MWC,18-13,9.6,109.2,99.6,66.5,-0.005,5.13,105.3,100.1,1.95
86,St. Bonaventure,A10,20-8,9.28,109.2,99.9,66.2,0.111,3.33,104.6,101.3,2.07
87,New Mexico St.,WAC,24-6,9.15,107.4,98.3,67,0.097,0.47,102.7,102.3,4.11
88,Syracuse,ACC,15-16,9.07,114.7,105.6,67.7,-0.049,7.49,107.7,100.2,3.58
89,Wichita St.,Amer,15-12,8.84,104.7,95.9,67.2,-0.028,5.41,105.7,100.3,2.57
90,Iona,MAAC,25-6,8.68,108,99.3,69.4,0.021,-1.63,102.1,103.8,4.21
91,Penn St.,B10,16-Dec,8.52,105.7,97.1,62.2,-0.054,9.47,109.9,100.4,-2.5
92,Grand Canyon,WAC,22-7,8.51,104.2,95.7,65.7,0.015,-3.59,100.6,104.2,-6.2
93,Richmond,A10,19-12,8.48,109.5,101,67.1,0,3.88,105.6,101.8,3.11
94,Bradley,MVC,17-14,8.36,105.5,97.2,67.5,-0.09,2.03,104.9,102.9,-1.58
95,Northern Iowa,MVC,19-11,8.35,110.7,102.3,67.5,0.034,3.89,105.5,101.6,4.48
96,South Carolina,SEC,18-12,8.35,103.1,94.8,70.6,0.106,9.1,108.5,99.4,0
97,Arizona St.,P12,14-16,8.13,101.6,93.5,67.6,0.02,10.4,108.3,97.9,8.67
98,Tulane,Amer,13-14,7.72,109.4,101.7,68,-0.088,4.52,105,100.5,-1.34
99,DePaul,BE,15-15,7.24,107.3,100.1,69.1,-0.027,6.62,106.8,100.1,-7.43
100,Middle Tennessee,CUSA,22-9,7.06,106.4,99.3,68,0.003,-1.35,103.3,104.6,-0.67
101,Florida St.,ACC,17-13,7.03,106.4,99.3,68,0.064,7.45,109.5,102,0.69
102,Louisiana Tech,CUSA,21-9,6.98,108.2,101.2,69.1,0.011,-0.94,103.4,104.4,1
103,UCF,Amer,17-11,6.94,107.5,100.5,67.7,0.044,3.88,104.5,100.6,-3.48
104,Cincinnati,Amer,17-14,6.91,104.8,97.9,68.1,-0.057,2.74,104.1,101.3,-5.13
105,Mississippi,SEC,13-18,6.83,106.7,99.9,65.5,-0.068,8.04,107.3,99.2,-1.42
106,Princeton,Ivy,22-5,6.47,112.7,106.3,67.2,0.059,-4.81,101.7,106.5,-4.48
107,Minnesota,B10,13-16,5.7,108.3,102.6,65.5,0.012,9.43,108.9,99.4,-3.31
108,Stephen F. Austin,WAC,22-8,5.66,104,98.4,69.2,0.039,-1.54,102.8,104.3,3.78
109,Stanford,P12,15-15,5.62,104.5,98.9,66.3,0.074,8.75,107.7,98.9,2.22
110,George Mason,A10,14-15,5.16,107.3,102.2,65.2,-0.099,2.25,105.1,102.8,-0.72
111,Wofford,SC,19-13,5.11,107.1,101.9,64.6,-0.031,0.28,105.5,105.2,0.09
112,Western Kentucky,CUSA,19-12,5.06,107.8,102.8,69.1,-0.018,-0.97,103.2,104.2,-0.7
113,Morehead St.,OVC,23-11,4.75,104.4,99.7,65.1,0.024,-2.27,101.7,103.9,4.33
114,Utah Valley,WAC,19-11,4.74,103.1,98.3,66.3,0.003,0.08,102.7,102.6,3.03
115,Temple,Amer,17-11,4.68,103.1,98.4,66.5,0.097,3.94,104.8,100.9,-1.29
116,Nevada,MWC,17-Dec,4.68,107.2,102.5,70.5,-0.035,8.09,107.8,99.7,4.84
117,Washington,P12,16-14,4.53,104.3,99.7,70,0.091,6.25,106.7,100.4,-1.71
118,Utah,P12,19-Nov,4.47,107.8,103.3,66.7,-0.12,6.52,106.2,99.6,-1.17
119,Ohio,MAC,23-8,4.29,105,100.7,68.1,0.046,-5.74,101.4,107.2,-4.24
120,UC Irvine,BW,15-9,4.2,99.7,95.5,65.3,0.007,0.42,103.3,102.9,7.08
121,Buffalo,MAC,19-10,3.96,108.2,104.2,71.2,-0.016,-2.82,102.7,105.5,5.9
122,Southern Illinois,MVC,16-15,3.95,103.3,99.4,62.5,-0.071,0.89,103.9,103.1,-5.3
123,Liberty,ASun,22-11,3.94,105.7,101.8,65.6,-0.034,-4.51,101.6,106.1,-0.02
124,Florida Atlantic,CUSA,18-13,3.87,106.8,102.9,67.4,-0.093,-2.49,102.3,104.8,-6.32
125,Colgate,Pat,22-11,3.66,108.5,104.9,67.6,-0.072,-7.83,100,107.8,1.65
126,Rhode Island,A10,14-15,3.37,100.1,96.7,67.2,-0.097,0.99,104.6,103.7,-3.01
127,Wagner,NEC,21-5,3.34,104.3,100.9,67.1,0.061,-9.7,98.1,107.8,1.79
128,Hofstra,CAA,21-11,3.34,109.2,105.8,69.3,0.06,0.06,104.6,104.5,5.51
129,Saint Peter's,MAAC,16-11,3.23,98.8,95.6,66.5,-0.032,-2.42,101.8,104.2,4.08
130,UC Santa Barbara,BW,16-10,3.23,105.3,102.1,65.9,-0.079,-5.38,100.3,105.7,-9.97
131,Seattle,WAC,23-8,3.19,100.4,97.2,70.7,0.062,-5.4,100.9,106.3,-9.28
132,Texas St.,SB,21-7,2.91,106.3,103.4,64.1,0.136,-3.12,101.5,104.6,-1.25
133,Nebraska,B10,21-Oct,2.83,106.5,103.7,71.5,-0.047,9.09,108.9,99.8,-3.12
134,Butler,BE,13-18,2.75,102.4,99.6,63.8,0.006,10.49,109,98.5,1.82
135,South Alabama,SB,19-11,2.74,104.3,101.6,66.9,-0.05,-2.46,101,103.5,-0.69
136,Boston College,ACC,19-Dec,2.64,104.4,101.8,65.4,-0.084,4.38,105.7,101.4,-6.67
137,California,P12,19-Dec,2.62,101.6,98.9,64.2,-0.04,6.55,106.7,100.2,-1.55
138,Kent St.,MAC,21-9,2.6,101.5,99,66.2,0.046,-3.43,103,106.4,0.77
139,Abilene Christian,WAC,20-9,2.6,102.2,99.6,70.6,0.005,-3.59,100.9,104.5,-2.44
140,N.C. State,ACC,21-Nov,2.5,109.5,107,67.4,-0.076,6.13,107.6,101.5,-3.21
141,Montana St.,BSky,24-7,2.5,104.1,101.6,67.7,0.032,-5.99,102.7,108.6,-0.43
142,Longwood,BSth,26-6,2.49,106.7,104.2,66.4,0.095,-8.03,99,107,-6.84
143,Jacksonville St.,ASun,21-10,2.4,105.9,103.5,65.6,-0.021,-4.82,101.3,106.1,0.6
144,Delaware,CAA,21-12,2.19,107.8,105.6,67.2,0.015,-2.39,102.5,104.9,-3.44
145,Missouri,SEC,20-Nov,2.11,104,101.9,65.7,-0.02,10.83,108.4,97.6,2.91
146,Louisville,ACC,18-Dec,2.01,102.6,100.6,67.4,0.008,7.33,108.5,101.2,2.08
147,North Dakota St.,Sum,23-9,1.9,103.9,102,66.7,0.117,-5.1,103.5,108.6,-1.19
148,Georgia St.,SB,18-10,1.83,102,100.2,67.5,0.062,-1.11,101.7,102.8,2.19
149,Yale,Ivy,17-11,1.77,102.3,100.6,69.4,0.039,-2.19,102.9,105.1,0.93
150,Charleston,CAA,17-15,1.59,105,103.4,73.8,-0.035,-0.97,103.6,104.6,1.44
151,New Mexico,MWC,13-18,1.44,107.7,106.2,71.3,-0.033,5.66,106.1,100.4,1.89
152,Akron,MAC,21-9,1.38,105.5,104.1,62.5,0.016,-6.11,100.7,106.8,-4
153,Sam Houston St.,WAC,18-13,1.28,101.4,100.1,65.1,0.019,-0.45,102.5,102.9,4.13
154,Long Beach St.,BW,18-11,1.25,104.1,102.8,71.4,0.117,0.61,103.4,102.8,7.4
155,Hawaii,BW,16-10,1.24,103.7,102.4,65.3,-0.025,-3.94,100.9,104.8,-4.62
156,Appalachian St.,SB,19-14,1.21,102.1,100.9,64.5,0.026,0.05,103.7,103.6,6.68
157,Saint Joseph's,A10,18-Nov,1.04,101.5,100.4,68.3,-0.079,2.4,104.6,102.2,-1.41
158,Coastal Carolina,SB,16-13,0.95,103.7,102.7,66.4,-0.097,-1.9,101.9,103.8,2.02
159,Drexel,CAA,15-14,0.95,104.9,103.9,66.7,-0.063,-1.16,103.9,105.1,1.33
160,Oral Roberts,Sum,19-12,0.79,110.2,109.4,70.6,-0.027,-3.86,103.8,107.7,3.43
161,Southern Utah,BSky,20-10,0.77,107.1,106.3,68.8,0.041,-5.53,101.4,106.9,2.16
162,Georgia Tech,ACC,19-Dec,0.74,100,99.3,68.4,-0.017,6.05,107.8,101.7,-5.42
163,VMI,SC,16-15,0.64,111.4,110.7,68.8,-0.038,0.24,104.7,104.4,-0.37
164,Norfolk St.,MEAC,21-6,0.57,103.3,102.7,67.5,0.087,-9.31,96.7,106,-3.84
165,Jacksonville,ASun,21-10,0.48,100.9,100.4,61.8,0.047,-4.91,102.5,107.4,-3.09
166,Winthrop,BSth,23-9,0.44,106.4,105.9,68.7,0.115,-2.92,101.4,104.4,6.09
167,Cal St. Fullerton,BW,18-10,0.41,104.8,104.4,66.8,0.031,-3.02,101.1,104.1,-3.05
168,Monmouth,MAAC,19-12,0.33,102.3,102,67,0.07,-0.96,102.8,103.7,4.01
169,Tulsa,Amer,19-Oct,-0.04,104.1,104.1,66.8,-0.088,2.88,104.3,101.4,-5.12
170,Gardner Webb,BSth,18-13,-0.05,97.2,97.2,67.8,-0.029,-3.95,102.2,106.1,3.6
171,UC Riverside,BW,16-11,-0.07,101,101,65.5,0.024,-1.91,101.1,103,3.8
172,UTEP,CUSA,18-12,-0.21,101.3,101.5,66.8,0.062,-0.96,103.3,104.2,-1.41
173,UNC Greensboro,SC,17-14,-0.38,100.9,101.2,62.5,0.051,-0.86,105.3,106.2,-3.13
174,UNC Wilmington,CAA,23-8,-0.46,104,104.4,65.8,0.172,-3.21,102.1,105.3,-5.11
175,Portland,WCC,18-14,-0.51,103.5,104,69.3,0.054,-0.84,103.1,103.9,-5.92
176,East Carolina,Amer,15-14,-0.63,103.4,104.1,68,0.081,1.31,103,101.7,-7.68
177,Weber St.,BSky,20-11,-0.73,104.2,104.9,70.2,0.035,-5.65,101.9,107.6,0.15
178,Arkansas St.,SB,18-11,-0.76,100.7,101.5,68.6,0.065,-2.52,101.9,104.5,-5.04
179,Troy,SB,20-11,-0.85,99.5,100.4,67.2,0.089,-2.33,102.1,104.4,-3.78
180,Navy,Pat,21-10,-0.89,96.1,97,64.9,0.037,-7.11,100.8,107.9,3.81
181,Wright St.,Horz,20-13,-0.91,106.6,107.5,68.9,-0.014,-7.44,100.5,108,-0.18
182,Louisiana,SB,16-15,-0.91,102.2,103.1,69.9,-0.022,-1.89,101.5,103.3,-1.71
183,Georgetown,BE,24-Jun,-0.92,105.7,106.6,70.6,-0.104,8.52,107.5,99,-1.77
184,Fordham,A10,15-15,-0.96,95.8,96.7,68,0.004,-1.27,104,105.3,-7.37
185,Samford,SC,21-11,-0.98,105.7,106.7,69.4,0.162,-0.29,105.2,105.5,-3.41
186,East Tennessee St.,SC,15-17,-1.13,108.5,109.6,65.6,0.021,1.71,106,104.3,4.94
187,Illinois St.,MVC,13-20,-1.21,105.8,107,68.3,-0.103,1.16,104.2,103.1,-4.89
188,Old Dominion,CUSA,13-18,-1.22,101.5,102.7,64.5,-0.073,0.09,104,103.9,-0.74
189,Oakland,Horz,20-12,-1.37,103.6,104.9,67.7,0.022,-4.22,102.3,106.5,9.08
190,Charlotte,CUSA,17-13,-1.7,106.3,108,65.7,0.103,-0.55,103.6,104.1,0.4
191,Mercer,SC,16-17,-1.72,106.3,108,65,0.023,0.94,105.9,105,1.93
192,Cornell,Ivy,15-10,-2.02,103.8,105.8,72.2,0.059,-3.06,102.3,105.3,-1.69
193,Northern Kentucky,Horz,20-11,-2.02,101.4,103.4,64.6,0.014,-7.69,100.3,108,-3.67
194,Marist,MAAC,14-15,-2.12,102.1,104.3,66.6,-0.059,-4.37,100.8,105.2,-6.77
195,Niagara,MAAC,14-15,-2.18,100.6,102.8,64.8,-0.031,-2.7,102,104.7,-0.85
196,Massachusetts,A10,14-16,-2.19,111.3,113.5,69.1,0.061,1.38,102.9,101.6,-2.36
197,Valparaiso,MVC,14-18,-2.27,103.6,105.9,65.4,-0.024,1.18,104.3,103.2,-4.62
198,Loyola Marymount,WCC,18-Nov,-2.29,106.7,109,66.2,-0.003,4.38,105.5,101.1,2.47
199,Bellarmine,ASun,20-13,-2.29,108.8,111.1,62.3,0.113,-0.84,104.1,104.9,13.75
200,Cal Baptist,WAC,17-14,-2.43,101.3,103.8,67.9,-0.034,-4.76,100.2,105,-8.56
201,Bryant,NEC,21-9,-2.46,104.7,107.1,72.9,0.135,-8.54,98.6,107.1,0.14
202,Nicholls St.,Slnd,21-10,-2.48,102.2,104.7,70.1,0.043,-8.1,100.7,108.8,0.69
203,South Dakota,Sum,19-12,-2.54,105.3,107.8,66,0.058,-5.2,103.8,109,-5.01
204,Cleveland St.,Horz,20-10,-2.54,104.2,106.8,68,0,-8.25,99.6,107.8,1.05
205,Dartmouth,Ivy,16-Sep,-2.75,99.1,101.8,64.9,-0.122,-1.18,104,105.2,2.42
206,Texas Southern,SWAC,15-12,-2.85,98.1,101,67.9,-0.003,-5.97,99.8,105.8,10.52
207,Northern Colorado,BSky,18-14,-2.88,109.3,112.2,69.7,0.054,-3.69,102.4,106.1,8.52
208,Florida Gulf Coast,ASun,21-11,-2.93,104.8,107.7,70.1,0.077,-5.7,101,106.7,-5.22
209,Pittsburgh,ACC,21-Nov,-2.96,99.7,102.7,64.3,0.05,6.28,107.8,101.6,0.09
210,Georgia,SEC,25-Jun,-3.02,107.9,111,69,-0.019,8.27,106.7,98.4,-1.81
211,UC Davis,BW,10-Dec,-3.07,99.8,102.9,67.2,-0.006,-5.15,101,106.2,-6.03
212,UMKC,Sum,19-12,-3.08,100.8,103.9,67.7,0.058,-4.09,104.4,108.5,1.4
213,Tarleton St.,WAC,14-17,-3.2,100.5,103.7,63.3,-0.037,0.21,102.7,102.5,9.34
214,Penn,Ivy,15-Dec,-3.22,106.7,109.9,68.3,0.042,1.37,104.6,103.2,7.41
215,Boston University,Pat,21-12,-3.25,106.3,109.5,65.5,0.004,-8.14,98.3,106.5,-3.98
216,Brown,Ivy,13-16,-3.27,100.6,103.9,67.6,-0.047,-0.97,103.7,104.7,2.34
217,Southern,SWAC,17-13,-3.32,97.6,100.9,70.6,-0.017,-5.6,100.1,105.7,6.17
218,Eastern Washington,BSky,17-14,-3.58,104.6,108.2,70,0.009,-4.76,102.1,106.9,3.69
219,Campbell,BSth,16-13,-3.72,101.4,105.1,62.7,-0.046,-5.63,99.4,105,-0.72
220,UT Arlington,SB,18-Nov,-3.92,98.7,102.6,65.4,-0.027,1.48,103.2,101.8,10.94
221,UNC Asheville,BSth,16-14,-4.14,101.8,105.9,66.8,-0.029,-5.6,100.7,106.4,-0.18
222,George Washington,A10,17-Dec,-4.16,99.7,103.8,68.9,0.049,0.92,103.6,102.7,-3.4
223,Fairfield,MAAC,14-17,-4.24,100.7,104.9,64.2,-0.069,-4.24,101.1,105.4,-6.79
224,Kennesaw St.,ASun,13-18,-4.27,105.3,109.6,66.5,-0.116,-1.6,103.2,104.8,6.71
225,San Diego,WCC,15-16,-4.47,97.2,101.7,65.9,0.09,1.94,104.4,102.4,-2.34
226,Rice,CUSA,15-15,-4.53,106.7,111.2,68,0.018,-2.45,101.8,104.2,-6.65
227,Indiana St.,MVC,20-Nov,-4.54,99.1,103.6,69.5,-0.066,3.22,105.5,102.3,0.27
228,Harvard,Ivy,13-13,-4.89,98.3,103.2,67.4,-0.045,-3.86,102,105.9,-4.63
229,Howard,MEAC,16-12,-4.98,102,107,70.8,-0.042,-7.93,97.3,105.2,-2.16
230,Detroit Mercy,Horz,14-15,-5.02,106.1,111.1,65,-0.015,-4.2,101.5,105.7,4.6
231,La Salle,A10,18-Oct,-5.07,100.1,105.2,67.6,-0.019,-0.02,103.9,103.9,-9.96
232,James Madison,CAA,15-14,-5.13,103,108.2,69.2,0.076,-0.96,103.5,104.5,0.6
233,Oregon St.,P12,27-Mar,-5.19,106,111.2,66.8,-0.111,8.54,107.4,98.9,1.97
234,Purdue Fort Wayne,Horz,21-11,-5.19,99.2,104.4,68.6,0.072,-8.38,100.4,108.8,-6.89
235,LIU,NEC,16-14,-5.55,100.2,105.8,72.6,0.033,-6.47,99.8,106.2,7.6
236,Western Illinois,Sum,16-15,-5.57,101.9,107.5,70.8,-0.02,-5.45,103.7,109.1,-5.14
237,Rider,MAAC,13-18,-5.73,98.3,104.1,67.5,-0.018,-3.57,101.2,104.8,-4.49
238,Montana,BSky,18-13,-5.96,101.3,107.3,65.8,0.033,-7.09,101.6,108.7,-5.72
239,Southeast Missouri St.,OVC,14-18,-5.98,105,111,72.1,-0.036,-3.62,100.8,104.4,-2.91
240,The Citadel,SC,13-18,-6.04,101.9,107.9,70.8,0.011,-0.23,105.2,105.5,-5.14
241,UMBC,AE,17-13,-6.14,105,111.1,68.7,0.031,-7.26,100.3,107.6,-2.45
242,Marshall,CUSA,20-Nov,-6.15,102.1,108.2,72.7,-0.015,0.59,104.3,103.7,-0.3
243,Siena,MAAC,15-13,-6.35,98.3,104.6,66.5,0.125,-3.34,101.4,104.7,-4.46
244,High Point,BSth,14-18,-6.41,99,105.4,66.8,-0.025,-3.67,101.3,105,4.26
245,New Hampshire,AE,15-13,-6.54,103.5,110,62.5,-0.022,-8.09,99.5,107.5,-2.83
246,Mount St. Mary's,NEC,14-16,-6.54,96.6,103.2,63.6,-0.036,-6.87,100.3,107.1,1.12
247,UMass Lowell,AE,15-16,-6.87,96.8,103.7,67.7,-0.063,-6.77,100.8,107.6,-1.93
248,Georgia Southern,SB,13-16,-6.97,96.9,103.9,66.4,0.038,-1.08,101.9,103,-0.1
249,Stony Brook,AE,18-13,-7.02,104.5,111.5,68.5,0.099,-6.44,100.4,106.8,-1.44
250,South Florida,Amer,22-Aug,-7.14,91.7,98.8,65.2,-0.004,4.45,105.1,100.6,-2.78
251,Elon,CAA,22-Oct,-7.22,100.3,107.5,66.1,-0.055,2.07,105.2,103.1,9.2
252,Air Force,MWC,17-Nov,-7.37,96.4,103.8,63.4,0.067,2.11,104.7,102.6,-8.24
253,New Orleans,Slnd,17-12,-7.49,97.9,105.4,72.4,0.036,-8.76,100.6,109.3,-3.04
254,UC San Diego,BW,13-16,-7.55,102.3,109.9,68.1,0.006,-3.29,100.6,103.9,-3.29
255,Quinnipiac,MAAC,16-Dec,-7.6,102.8,110.4,69.3,-0.021,-4.36,100.2,104.5,-10.63
256,Texas A&M Corpus Chris,Slnd,20-11,-7.65,97.3,104.9,69.6,0.026,-10.82,99.2,110.1,-8.63
257,Alcorn St.,SWAC,15-15,-7.68,98.9,106.5,67.7,0.117,-3.59,100.6,104.2,14.56
258,Miami OH,MAC,14-17,-7.72,104.2,111.9,67.8,-0.038,-4.41,101.8,106.2,-3.17
259,Canisius,MAAC,20-Nov,-7.72,98.6,106.3,68.3,0.043,-1.63,102.5,104.1,0.73
260,Tennessee Tech,OVC,21-Nov,-7.73,100.7,108.4,69.6,-0.086,-1.96,101.6,103.5,3.77
261,Youngstown St.,Horz,18-14,-7.87,103.5,111.4,66.6,-0.001,-9.69,98.9,108.6,-6.57
262,Eastern Kentucky,ASun,13-18,-7.89,101.9,109.8,71.2,-0.12,-5.71,101,106.8,-5.29
263,Ball St.,MAC,14-16,-7.94,102.4,110.3,70.3,0.028,-4.91,101.7,106.6,-5.29
264,Louisiana Monroe,SB,13-18,-7.95,101.8,109.7,68,0.005,-1.29,101.9,103.2,2.48
265,Lipscomb,ASun,14-19,-8,102.9,110.9,69.5,0.013,-2.56,102.3,104.9,3.68
266,FIU,CUSA,15-16,-8.13,98.4,106.6,67.1,0.054,-3.97,102.4,106.3,-10.38
267,Northeastern,CAA,22-Sep,-8.18,97.4,105.6,64.7,-0.064,-0.98,104.5,105.5,0.3
268,Tennessee St.,OVC,14-18,-8.27,98.9,107.2,67.8,-0.054,-6.27,99.4,105.6,-7.52
269,Presbyterian,BSth,20-Dec,-8.36,97,105.4,64.4,-0.044,-2.68,102.5,105.2,4.11
270,North Florida,ASun,20-Nov,-8.51,97.9,106.4,68.1,0.003,1.81,104.8,103,14.57
271,Manhattan,MAAC,15-15,-8.58,100.8,109.4,68.8,0.097,-3.6,100.4,104,-5.9
272,Portland St.,BSky,16-Dec,-8.69,96.9,105.6,70.7,-0.007,-5.68,102.5,108.1,0.78
273,Loyola MD,Pat,14-16,-8.72,96.9,105.7,64.8,-0.037,-8.24,99.7,108,-4.7
274,Dixie St.,WAC,13-18,-9,96.6,105.6,71.6,0.032,0.29,103,102.8,-0.54
275,Cal St. Bakersfield,BW,18-Jul,-9.14,99.3,108.4,64.8,-0.037,-0.81,102.1,102.9,1.19
276,Jackson St.,SWAC,18-Nov,-9.18,94.1,103.3,64.3,0.008,-3.89,101,104.8,11.79
277,Pepperdine,WCC,25-Jul,-9.25,98.5,107.7,70.2,-0.023,4.2,105,100.8,0.05
278,Southeastern Louisiana,Slnd,18-13,-9.36,103.8,113.1,71.3,0.134,-6,100.7,106.7,2.27
279,Hartford,AE,19-Dec,-9.42,102.3,111.7,67.5,-0.056,-7.56,99.6,107.1,-4.64
280,USC Upstate,BSth,14-16,-9.49,101.5,111,68.6,0.069,-3.61,101.2,104.8,4.31
281,Bowling Green,MAC,13-18,-9.85,103.8,113.6,73.1,-0.011,-4.68,102.1,106.8,-7.56
282,Prairie View A&M,SWAC,18-Aug,-9.97,98.8,108.7,70.6,-0.02,-2.33,101,103.3,17.68
283,Binghamton,AE,16-Dec,-10.25,95.9,106.1,67.6,-0.014,-6.88,101,107.8,-2.4
284,Illinois Chicago,Horz,14-16,-10.45,100.1,110.6,69.5,0.059,-6.89,99.9,106.8,1.51
285,Pacific,WCC,22-Aug,-10.48,95.7,106.2,68.5,-0.048,0.63,104.6,104,-2.57
286,Duquesne,A10,23-Jun,-10.53,98.8,109.3,65.9,-0.037,1.82,104.1,102.3,-3.73
287,Radford,BSth,18-Nov,-10.53,95.8,106.4,64.5,0.023,-3.13,101.7,104.8,5.62
288,North Carolina Central,MEAC,14-14,-10.54,97.1,107.7,67.7,0.051,-5.05,99.1,104.1,1.99
289,Denver,Sum,21-Nov,-10.61,100.7,111.3,66.7,-0.046,-4.66,103.1,107.8,-4.08
290,Austin Peay,OVC,17-Dec,-10.61,95.6,106.2,64.9,0.066,-1.46,101.7,103.2,6.74
291,Albany,AE,13-18,-10.63,92.7,103.3,65.4,0.042,-5.76,101.1,106.9,-0.53
292,San Jose St.,MWC,22-Aug,-10.69,99.4,110.1,65.7,0.004,5.06,106.1,101,-1.78
293,Morgan St.,MEAC,13-Dec,-10.8,94.5,105.3,72.7,-0.02,-6.86,97.7,104.6,2.54
294,North Carolina A&T,BSth,20-Dec,-10.92,97.4,108.4,67.7,0.023,-2.88,101.3,104.2,3.3
295,Northern Illinois,MAC,21-Sep,-10.96,93.7,104.6,67.3,0.001,-2.03,103.4,105.4,1.31
296,Army,Pat,15-16,-11.08,97.2,108.2,69.1,0.025,-7.9,99.5,107.4,-3.3
297,SIU Edwardsville,OVC,21-Nov,-11.13,94.9,106,68.8,-0.024,-3.6,101.6,105.2,-1.13
298,Western Carolina,SC,21-Nov,-11.2,99.7,110.8,68.5,0.074,0.01,106,106,-2.31
299,Merrimack,NEC,14-16,-11.57,94.9,106.4,62.5,0.06,-7.17,99.9,107,-1.42
300,Cal Poly,BW,20-Jul,-11.87,94.4,106.3,64.8,-0.032,-2.23,101.8,104,-1.75
301,Maryland Eastern Shore,MEAC,14-Nov,-11.94,92.6,104.5,67.5,0.023,-5.11,99.1,104.2,5.7
302,UT Rio Grande Valley,WAC,22-Aug,-12.01,100.3,112.3,72,-0.06,-0.89,101.5,102.4,-0.45
303,Coppin St.,MEAC,22-Jul,-12.05,92.8,104.9,72.9,-0.049,-2.45,101,103.5,5.75
304,St. Thomas,Sum,20-Oct,-12.11,107.5,119.6,65.6,-0.084,-4.05,103,107.1,-1.82
305,Lehigh,Pat,13-19,-12.12,98.7,110.8,68.4,-0.015,-8.27,99,107.2,-5.02
306,Grambling St.,SWAC,19-Nov,-12.27,94.8,107.1,69.8,0.018,-4.14,99.6,103.8,10.64
307,South Carolina St.,MEAC,15-15,-12.34,93.2,105.6,70.5,0.089,-7.82,98.5,106.3,-4.41
308,Tennessee Martin,OVC,22-Aug,-12.36,96.9,109.3,69.2,-0.041,-1.4,102.2,103.6,4.35
309,Florida A&M,SWAC,13-16,-12.36,95.8,108.2,65.7,0.106,-5.53,99.5,105,8.94
310,Stetson,ASun,19-Nov,-12.37,97.3,109.7,66,-0.009,-3.43,102.7,106.2,-0.46
311,UTSA,CUSA,21-Oct,-12.83,95.3,108.1,68.9,-0.009,-1.1,103,104.1,-7.97
312,Sacramento St.,BSky,17-Oct,-13.05,96.3,109.3,64.9,-0.012,-5.27,102.3,107.6,2.15
313,Alabama St.,SWAC,21-Oct,-13.21,97.6,110.8,69.8,-0.002,-5.6,99.3,104.9,10.76
314,Eastern Michigan,MAC,21-Oct,-13.33,94.6,108,69.5,0.025,-2.74,102.8,105.6,1.05
315,North Alabama,ASun,21-Sep,-13.46,91,104.5,68,-0.064,-2.81,103.4,106.2,4.42
316,McNeese St.,Slnd,21-Oct,-13.62,97.6,111.2,70.1,-0.032,-4.31,101.5,105.9,5.21
317,Alabama A&M,SWAC,17-Nov,-13.72,88,101.7,66.6,0.032,-7.72,99,106.7,2.88
318,Evansville,MVC,24-Jun,-13.98,93.4,107.4,64.3,-0.065,2.75,105.2,102.4,-2.31
319,Central Arkansas,ASun,20-Nov,-14.03,99.4,113.5,72.2,0.098,-0.6,104.1,104.7,8.85
320,Central Michigan,MAC,22-Jul,-14.13,96.8,111,67.9,0.011,-1.24,104.1,105.3,3.62
321,Idaho,BSky,21-Sep,-14.21,100.5,114.7,70.6,-0.018,-3.96,102.3,106.3,2.89
322,Sacred Heart,NEC,20-Oct,-14.26,101.9,116.1,67.7,-0.027,-8.33,98.7,107.1,-5.15
323,St. Francis NY,NEC,20-Oct,-14.4,95.2,109.6,66.9,-0.037,-7.52,99.4,106.9,-1.9
324,Lafayette,Pat,20-Oct,-14.49,97.8,112.3,65,-0.041,-7.48,101,108.5,-0.05
325,St. Francis PA,NEC,21-Sep,-14.54,95.7,110.3,67.6,-0.075,-6.95,100.4,107.4,-1.48
326,Little Rock,SB,19-Sep,-14.74,97.7,112.5,67,0.075,0.67,103.4,102.7,4.66
327,Northwestern St.,Slnd,22-Sep,-14.75,99.4,114.1,71.5,-0.058,-3.77,102,105.8,6.67
328,Western Michigan,MAC,23-Aug,-14.91,97.7,112.6,64.3,-0.024,-1.71,104.4,106.1,4.92
329,Cal St. Northridge,BW,22-Jul,-15.11,95.6,110.7,65.5,0.029,-0.44,102.4,102.8,1.5
330,Robert Morris,Horz,24-Aug,-15.17,99.1,114.3,67,-0.067,-5.85,101.3,107.1,3.47
331,Hampton,BSth,19-Sep,-15.19,91.3,106.4,69.4,0.07,-5.16,99.8,105,-2.39
332,American,Pat,22-Oct,-16.21,95,111.2,65.2,0.003,-7.11,100.3,107.4,-3.48
333,Bethune Cookman,SWAC,21-Sep,-16.61,93.6,110.2,66.1,0.039,-6.15,98.8,105,3.85
334,Chicago St.,WAC,24-Jul,-16.92,96.8,113.7,66,0.039,-1.44,101.4,102.8,-4.39
335,Idaho St.,BSky,22-Jul,-16.93,95.4,112.4,64.1,-0.039,-4.14,102.2,106.4,2.37
336,Milwaukee,Horz,22-Oct,-17.01,92.4,109.4,67.2,-0.047,-7.64,100.4,108,-3
337,Northern Arizona,BSky,22-Sep,-17.11,95.6,112.7,65.4,0.018,-4.63,102.6,107.2,0.57
338,Houston Baptist,Slnd,17-Oct,-17.24,95.9,113.2,69.1,-0.008,-7.68,101.1,108.8,-0.85
339,Bucknell,Pat,23-Sep,-17.25,100.6,117.8,67.9,0.039,-5.99,101.2,107.2,-1.47
340,Southern Miss,CUSA,25-Jun,-17.65,94.7,112.4,67.3,0.018,0.66,104.1,103.4,-0.73
341,William & Mary,CAA,27-May,-17.83,90.5,108.4,69.1,0.015,-1.13,103.3,104.5,-1.51
342,Nebraska Omaha,Sum,25-May,-18.21,98.6,116.8,70.2,-0.055,-1.24,105.7,106.9,4.21
343,NJIT,AE,18-Nov,-18.43,90.1,108.5,66.3,0.092,-6.66,100.8,107.5,-6.18
344,Green Bay,Horz,25-May,-18.48,92.6,111.1,65,-0.116,-5.97,100.9,106.8,3.56
345,North Dakota,Sum,25-Jun,-19.42,97.4,116.8,67.6,-0.02,-4.66,103.4,108,-5
346,Fairleigh Dickinson,NEC,22-Apr,-19.73,95.4,115.1,69.9,-0.051,-4.94,100.9,105.9,5.92
347,Central Connecticut,NEC,24-Aug,-19.85,92,111.8,64.9,0.032,-6.14,100.6,106.8,-1.48
348,Lamar,WAC,27-Feb,-19.93,92.8,112.7,66.4,-0.065,-1.2,101.8,103,-0.61
349,Holy Cross,Pat,22-Sep,-20.27,91.7,112,67.4,0.059,-7.96,99.8,107.8,-4.38
350,Charleston Southern,BSth,25-Jun,-20.38,92.9,113.3,69.2,-0.002,-3.71,101.1,104.9,0.78
351,Columbia,Ivy,22-Apr,-21.19,93.7,114.9,69.8,-0.004,-3.87,101.8,105.7,-7.59
352,Incarnate Word,Slnd,24-Jul,-21.44,95.5,116.9,65,-0.005,-5.51,101.6,107.1,1.42
353,Arkansas Pine Bluff,SWAC,24-Jul,-21.54,98.2,119.8,67.5,0.009,-3.41,99.9,103.3,12.65
354,Maine,AE,23-Jun,-22.29,92.7,115,66.5,-0.048,-5.53,100.7,106.2,1.06
355,Mississippi Valley St.,SWAC,26-Feb,-22.54,93.2,115.7,71.1,-0.1,-5.79,99,104.8,5.58
356,Delaware St.,MEAC,25-Feb,-24.9,86.7,111.6,68.3,-0.116,-5.84,99,104.8,-0.61
357,Eastern Illinois,OVC,26-May,-25.41,84,109.4,65.1,0,-2.74,101.7,104.5,-1.48
358,IUPUI,Horz,26-Mar,-31.58,80,111.6,62.7,-0.055,-7.42,100.6,108,-4.23
